category,prompt,answer,accept,note,title
Animation,"In The Lion King, what is Simba's father called?",Mufasa,,,Film & TV Night
Animation,Which animated film features a rat who wants to be a chef?,Ratatouille,,
Animation,What is the name of the toy cowboy in Toy Story?,Woody,Sheriff Woody,
Space Opera,What is the name of Han Solo's ship?,The Millennium Falcon,Millennium Falcon,
Space Opera,"In Star Wars, what colour is Yoda?",Green,,
Space Opera,Which film opens with the line "A long time ago in a galaxy far far away"?,Star Wars,A New Hope|Episode IV,Accept any Star Wars film — they all open that way.
Television,How many friends are there in the sitcom Friends?,Six,6,
Television,What is the name of the coffee shop in Friends?,Central Perk,,
Television,Which show features a chemistry teacher turned drug maker?,Breaking Bad,,
